Name,Time_min,Time_max,Space_min,Space_max,Category,Reference,Reference_URL
Protein folding,3e-07,1.0,1e-27,1e-24,Molecular,Kubelka Hofrichter & Eaton (2004) Curr Opin Struct Biol 14:76 (BioNumbers 112314) — folding speed limit ~N/100 us for an N-residue single-domain protein; 0.35 us for N = 35. Upper bound of 1 s is not sourced,
DNA replication (single origin),1.0,2400.0,1e-18,1e-15,Molecular,Fork speed ~1000 nt/s in E. coli: Rocha (2004) Microbiology 150:1609 (BioNumbers 110932); a 4.6 Mb chromosome copied by two forks from one origin takes ~2300 s. Lower bound is not sourced,
mRNA transcription,10.0,1000.0,1e-18,1e-15,Molecular,Elongation 42 nt/s (E. coli rRNA operons; BioNumbers 101904) to 71.6 nt/s (mammalian Pol II maximum; BioNumbers 100662): a 1 kb gene takes ~24 s and a 30 kb gene ~420 s; see data/references/bionumbers_subset.csv,
ATP synthesis (single molecule),0.001,0.1,3e-25,1e-24,Molecular,Rate >100 ATP per s so <=0.01 s per ATP (BioNumbers 111975); volume is the F1Fo synthase: 540-585 kDa (BioNumbers 111973) at an assumed protein density of 1.35 g/cm3 gives 6.6e-25 to 7.2e-25 m3; range is the half decade around it,
Enzyme catalytic cycle,1e-06,1.0,1e-27,1e-24,Molecular,Bar-Even et al. (2011) Biochemistry 50:4402 (BioNumbers 111411) — median kcat ~10 s-1 with ~60% of enzymes at 1-100 s-1; cycle time = 1/kcat for kcat 1 to 1e6 s-1,
Ribosome translation,10.0,1000.0,1e-24,1e-23,Molecular,Volume of the E. coli 70S ribosome 2680 nm3 (2.7e-24 m3): Gabashvili et al. (2000) Cell 100:537 (BioNumbers 100122); range is the decade around it. Time: 14.5 aa/s in E. coli (BioNumbers 100233) to 5 aa/s in human (BioNumbers 104598) gives 21-60 s for 300 residues and 600 s for 3000,
Virus assembly,100.0,10000.0,4.19e-24,3.35e-20,Molecular,Phage genome packaging ~5 min and eclipse period ~10-15 min: Purohit et al. (2005) Biophys J 88:851 (BioNumbers 111588). Volume V = (4/3) pi r^3 for capsid mean radii ~10-200 nm: Losdorfer Bozic et al. (2013) J Biol Phys 39:215 (BioNumbers 112740). The 1e4 s upper bound is not sourced,
Bacterial cell division,1200.0,72000.0,1e-18,1e-15,Cellular,Within-range examples: Synechocystis PCC 6803 generation time 5.13 h (BioNumbers 111335) to 12 h (BioNumbers 111252); see data/references/bionumbers_subset.csv. The 20 min lower bound is not sourced here,
Mitochondrial fission/fusion,10.0,1200.0,2.7e-19,1e-16,Cellular,Fusion lasts tens of seconds to several minutes and each mitochondrion cycles about every 20 min: Mouli et al. (2009) Biophys J (PMC2711405). Volume 0.27 um3 for isolated rat liver mitochondria: Schwerzmann et al. (1986) J Cell Biol 102:97 (BioNumbers 107136). Upper volume bound (a fused network) is not sourced,
Calcium signaling wave,0.1,10.0,1e-15,1e-12,Cellular,Fast calcium waves 10-30 um/s: Jaffe (2008) Phil Trans R Soc B (PMC2610120); crossing a 21 um cell takes 0.7-2.1 s. Cell volume 2425 um3 for HeLa (2.4e-15 m3): Zhao et al. (2008) NMR Biomed 21:159 (BioNumbers 103725). Bounds beyond these are not sourced,
Yeast cell cycle,5400.0,7200.0,2e-17,2e-16,Cellular,Jorgensen et al. (2002) Science 297:395 (BioNumbers 100427) — median haploid S. cerevisiae volume 42 um3 (4.2e-17 m3); range brackets small daughters to large diploids,
White blood cell migration,600.0,36000.0,2.8e-16,4.3e-16,Cellular,Neutrophil speed 0.15 um/s in vitro: Vereycken et al. (1995) J Phys III 5:1469 (BioNumbers 106809); time is path/speed for 0.1-5 mm paths. Cell volume 320 +/- 37 fL resting and 375 +/- 56 fL activated: Rosengren et al. (1994) Am J Physiol 267:C1623 (BioNumbers 108241),
Neuron action potential,0.001,0.01,1e-15,1e-13,Cellular,Duration about 1 ms (Wikipedia: Action potential; no primary source fetched). Soma volume 12260 um3 (1.2e-14 m3) in guinea pig: Edstrom (1957) J Comp Neurol 107:295 (BioNumbers 112112),https://en.wikipedia.org/wiki/Action_potential
Red blood cell lifespan,10000000.0,10400000.0,9e-17,1e-16,Cellular,Lifespan ~120 days: Vander et al. (2001) Human Physiology p. 377 (BioNumbers 101706). Volume 97 um3 (9.7e-17 m3): Frank et al. (1997) J Appl Physiol 82:2036 (BioNumbers 101711) which also notes ~90 fL,
Liver cell turnover,15000000.0,50000000.0,4e-15,1.4e-14,Cellular,Plettenberg et al. (2008) Pflugers Arch 455:1089 (BioNumbers 104616) — rat hepatocyte ~7000 um3 (7e-15 m3); range is V = (pi/6) d^3 for d = 20-30 um,
Skin cell turnover (epidermis),2250000.0,3500000.0,1e-14,1e-11,Cellular,Epidermal turnover 26-27 days: Weinstein & Van Scott (1965) J Invest Dermatol 45:257 (BioNumbers 109215). The 40 day upper bound and the volume range are not sourced,
Heartbeat (single beat),0.3,1.0,7e-05,0.0003,Organism,Standard cardiac physiology; stroke volume ~70 mL,
Human breath cycle,3,6,0.0003,0.006,Organism,Resting rate 12-15 breaths per min (4-5 s): Ganong's Review of Medical Physiology via Wikipedia: Respiratory rate. Tidal volume ~0.5 L and total lung capacity ~6 L: StatPearls NBK482502 and NBK541029,https://en.wikipedia.org/wiki/Respiratory_rate https://www.ncbi.nlm.nih.gov/books/NBK482502/
Butterfly wing beat,0.0435,0.169,1.74e-08,1.84e-06,Organism,Dudley (1990) J Exp Biol 150:37-53 — Panamanian butterflies: wingbeat 5.9-23.0 Hz across 44 filmed individuals (mean 11 Hz; Table 4) and body mass 17.4-1841 mg across 50 individuals of 37 species; V = m / 1000 kg m-3,https://cob.silverchair.com/jeb/article-pdf/150/1/37/2640156/jexbio_150_1_37.pdf
Housefly lifespan,1300000.0,5180000.0,1e-08,1e-06,Organism,UF/IFAS EDIS IN205 — adults usually live 15-25 days and up to two months. Volume range is not sourced,https://edis.ifas.ufl.edu/publication/IN205/pdf
Mayfly adult lifespan,3600.0,173000.0,1e-08,1e-06,Organism,Britannica: mayfly — winged stage may last only a few hours; Hexagenia up to two days (BioKIDS Univ. of Michigan). Volume range is not sourced,https://www.britannica.com/animal/mayfly https://biokids.umich.edu/critters/Hexagenia_limbata
E. coli doubling,1200.0,7200.0,3e-19,3e-18,Organism,Phillips Kondev & Theriot (2009) Physical Biology of the Cell p. 26 (BioNumbers 101788) — rule-of-thumb E. coli volume 1 um3 (1e-18 m3); volume varies with medium and growth rate (Kubitschek & Friske 1986 J Bacteriol 168:1466) so range is +/- half a decade,https://pmc.ncbi.nlm.nih.gov/articles/PMC213663
Mouse lifespan,21700000.0,83300000.0,1e-05,3.36e-05,Organism,Median lifespan 251-964 days across 31 inbred strains: Yuan et al. (2009) Aging Cell 8:277. C57BL/6J at 20 weeks 24.7 g (female) to 33.6 g (male): Jackson Laboratory body weight chart 000664; V = m / 1000 kg m-3. Lower volume bound is not sourced,https://pubmed.ncbi.nlm.nih.gov/19627267/ https://jax.org/jax-mice-and-services/strain-data-sheet-pages/body-weight-chart-000664
Domestic cat lifespan,380000000.0,630000000.0,0.003,0.01,Organism,Lifespan 13-20 yr (Wikipedia: Aging in cats) and ~14 yr in captivity; mass 4.1-5.4 kg: Animal Diversity Web Felis catus; AnAge adult weight 3.9 kg; V = m / 1000 kg m-3,https://en.wikipedia.org/wiki/Aging_in_cats https://animaldiversity.org/accounts/Felis_catus/ https://genomics.senescence.info/species/entry.php?species=Felis_catus
Dog lifespan,300000000.0,500000000.0,0.001,0.07,Organism,Animal Diversity Web Canis lupus familiaris — well-cared-for dogs live 12 years or more; mass <1 to 70 kg; V = m / 1000 kg m-3. Lifespan bounds are not sourced,https://animaldiversity.org/accounts/Canis_lupus_familiaris/
Human lifespan,2200000000.0,3200000000.0,0.05,0.1,Organism,WHO life expectancy tables; body volume ~0.07 m³,https://www.who.int/data/gho/data/indicators/indicator-details/GHO/life-expectancy-at-birth-(years)
Blue whale lifespan,2500000000.0,3500000000.0,50.0,150.0,Organism,Sears & Perrin (2009) Blue whale Balaenoptera musculus; pp. 120-124 in Encyclopedia of Marine Mammals 2nd ed. (Academic Press),https://sealifebase.se/References/FBRefSummary.php?id=91960
Giant tortoise lifespan,3500000000.0,5700000000.0,0.1,0.4,Organism,Jaffe Slater & Alfaro (2011) Biology Letters doi:10.1098/rsbl.2010.1084; Chiari et al. (2017) — adult Chelonoidis niger commonly >100 kg to ~400 kg; V = m / 1000 kg m-3,
Bowhead whale lifespan,6310000000.0,6660000000.0,30.0,100.0,Organism,Over 200 yr: George et al. (1999) Can J Zool 77:571 as cited by North Slope Borough Wildlife Management; oldest estimate 211 yr (AnAge). Mass up to 200000 lb (91 t): NOAA Fisheries; V = m / 1000 kg m-3,https://www.north-slope.org/departments/wildlife-management/studies-research-projects/bowhead-whales/bowhead-whale-population-studies/age-estimation/ https://www.genomics.senescence.info/species/entry.php?species=Balaena_mysticetus https://www.fisheries.noaa.gov/species/bowhead-whale
Greenland shark lifespan,8600000000.0,16000000000.0,0.78,1.02,Organism,Age 272-512 yr: Nielsen et al. (2016) Science 353(6300):702-704. Volume for large adults (the oldest animals are the largest): 775 kg IGFA record to 1023 kg largest confirmed specimen; V = m / 1000 kg m-3,https://ora.ox.ac.uk/objects/pubs:633506
Grass blade growth,86400.0,2600000.0,1e-07,1e-05,Organism,,
Sunflower lifespan,6910000.0,8640000.0,0.001,0.01,Organism,SDSU Extension P-00205-02 — sunflower hybrids mature in 80 to 100 days. Volume range is not sourced,https://extension.sdstate.edu/sites/default/files/2021-08/P-00205-02.pdf
Oak tree lifespan,3200000000.0,18900000000.0,10.0,215.0,Organism,USDA Forest Service Silvics: white oak — often 24-30 m tall and 0.91-1.22 m in diameter; individuals 46 m tall 2.44 m in diameter and 600 years old recorded. Volume is a trunk cylinder pi r^2 h (16-35 m3 typical; 215 m3 record) and overstates a tapering trunk. The 100 yr lower bound is not sourced,https://research.fs.usda.gov/silvics/white-oak
Giant sequoia lifespan,52070000000.0,103100000000.0,790.0,1487.0,Organism,Stephenson (2000) Madrono 47:61-67 — large sequoias have estimated ages of 1650 to 2890 yr and the longest-lived known was at least 3266 yr; bole volumes of the trees studied run from 790 m3 (Sentinel) to 1487 m3 (General Sherman; also NPS Sequoia & Kings Canyon),https://archive.org/download/biostor-163561/biostor-163561.pdf https://www.biodiversitylibrary.org/part/171483 https://www.nps.gov/seki/learn/nature/largest-trees-in-world.htm
Bristlecone pine lifespan,150000000000.0,160000000000.0,0.424,6.03,Organism,Oldest living trees 4847 and 5065 yr: NPS Great Basin National Park. Trees 6-12 m tall with trunks 0.3-0.8 m in diameter: NPS Bryce Canyon; volume is a trunk cylinder pi r^2 h,https://www.nps.gov/grba/planyourvisit/identifying-bristlecone-pines.htm https://www.nps.gov/brca/learn/nature/bristleconepine.htm
Mushroom fruiting body,86400.0,600000.0,1e-05,0.001,Organism,Shiitake pins appear 3-5 days and are harvested 7-10 days after shocking: Ohio State Extension F-0042. Agaricus bisporus cap 2.5-14 cm and stem 2-7 cm x 1-2.5 cm: MushroomExpert.com; volume from a stem cylinder plus hemispherical cap is 6e-6 to 7.5e-4 m3,https://ohioline.osu.edu/factsheet/f-0042 https://www.mushroomexpert.com/agaricus_bisporus
Mycelial network (forest floor),60000000000.0,273000000000.0,1000.0,1000000.0,Organism,Oregon Armillaria ostoyae: estimated 1900-8650 yr old and 7567-35000 tons over 2200 acres: USDA Forest Service (usda.gov blog). Biomass volume 7e3 to 3e4 m3 at 1000 kg m-3; occupied soil volume would be larger and is not sourced,https://www.usda.gov/about-usda/news/blog/fungus-among-us-author-names-oregons-humongous-fungus-one-grossest-places-earth
Pando aspen clone lifespan,378700000000.0,1168000000000.0,500000.0,2000000.0,Organism,Age 12000-37000 yr and extent 42.6 ha: Pineau et al. bioRxiv doi:10.1101/2024.10.19.619233 (revised version; the first version gave 16000-80000 yr); 43.6 ha in DeWoody et al. (2008). Clone identified genetically by Mock et al. (2008) Mol Ecol. Volume = about 43 ha x an assumed ~2 m root depth = 8.5e5 m3; the depth and the volume range are not sourced,https://digitalcommons.usu.edu/wild_facpub/164 https://www.fs.usda.gov/NFGEL/documents/publications/Mock_etal_2008.pdf
Tide pool cycle,43000.0,45000.0,0.01,1.0,Ecosystem,NOAA National Ocean Service tides tutorial — high tides occur 12 hours and 25 minutes apart (44700 s). Pool volume is not sourced,https://oceanservice.noaa.gov/education/tutorial_tides/tides05_lunarday.html
Forest fire,3600.0,7520000.0,1000000.0,10000000000.0,Ecosystem,Upper time bound: August Complex 2020 active for 87 days (CAL FIRE). Mean US wildfire in 2025 was 66 acres (NICC annual report). Lower time bound and the canopy height behind the volume are not sourced,https://www.fire.ca.gov/incidents/2020/8/16/august-complex-includes-doe-fire https://www.nifc.gov/sites/default/files/NICC/2-Predictive%20Services/Intelligence/Annual%20Reports/2025/annual_report_2025_0.pdf
Coral reef growth,3200000000.0,320000000000.0,1000000.0,10000000000.0,Ecosystem,NOAA National Ocean Service corals tutorial — it can take up to 10000 years for a coral reef to form. Holocene reef accretion 0.38-4.85 m per 1000 yr: USGS St. Petersburg Coastal and Marine Science Center. Volume range is not sourced,https://oceanservice.noaa.gov/education/tutorial_corals/coral04_reefs.html https://www.usgs.gov/centers/spcmsc/science/holocene-coral-reef-development
Kelp forest cycle,32000000.0,320000000.0,10000.0,10000000.0,Ecosystem,Giant kelp lives six to eight years on average: SIMoN species database; seven years at most: NASA Earth Observatory. Forests grow in 5-30 m of water; forest area and so volume are not sourced,https://sanctuarysimon.org/dbtools/species-database/species-info-ajax.php?sID=40 https://science.nasa.gov/earth/earth-observatory/finding-floating-forests-it-takes-an-online-village-to-map-massive-kelp/
Prairie grassland cycle,31600000.0,1100000000.0,10000000.0,10000000000.0,Ecosystem,USDA Forest Service FEIS — historical fire return intervals of 1 to 35 years in plains grassland and prairie. Volume example: Tallgrass Prairie National Preserve 10894 acres x 1.2-2.1 m grass height = 5e7 to 9e7 m3 (NPS),https://research.fs.usda.gov/feis/fire-regimes/plains-grassland-and-prairie https://www.nps.gov/articles/000/tallgrass-prairie-national-preserve-quick-facts.htm
Seasonal algal bloom,2600000.0,5011200.0,1000000000.0,10000000000000.0,Ecosystem,Spring bloom lasts 39-46 days in most North and Norwegian Sea sub-regions and up to 58 days in one (5.01e6 s): Silva et al. (2021) Front Mar Sci doi:10.3389/fmars.2021.746327; blooms last several weeks (NASA Earth Observatory). Volume range is not sourced,https://science.nasa.gov/earth/earth-observatory/what-are-phytoplankton/
Mangrove forest succession,3200000000.0,32000000000.0,100000.0,100000000.0,Ecosystem,,
Lake turnover (seasonal mixing),86400.0,2600000.0,1000000.0,10000000000.0,Ecosystem,,
River delta formation,31600000000.0,252000000000.0,1000000000.0,1000000000000.0,Ecosystem,USGS Open-File Report 98-36 — Mississippi delta complexes from 6-8 ka to the present with each lasting ~1000-2300 yr; deltaic plain 29785 km2. Holocene section up to 60 m thick (USGS) gives an upper bound of 1.8e12 m3,https://pubs.usgs.gov/of/1998/of98-036/html/ https://www.usgs.gov/centers/spcmsc/science/study-area-and-geologic-setting-subsidence-and-wetland-loss-related-fluid
Soil formation (1 cm topsoil),1240000000.0,31600000000.0,0.01,10000.0,Ecosystem,USDA NRCS Illinois — it takes hundreds to thousands of years to build an inch of topsoil; Soil Science Society of America — 500 years to thousands per inch. Range is 100 yr per inch (39 yr per cm) to 1000 yr per cm. Volume depends on the plot area chosen,https://www.nrcs.usda.gov/state-offices/illinois/soils-illinois https://www.soils4teachers.org/topsoil
Raindrop fall,100.0,1000.0,1.1e-10,1.1e-07,Atmosphere,Villermaux & Bossa (2009) Nat Phys 5:697 — drops break up above ~5-6 mm diameter; V = (pi/6) d^3 for d = 0.6-6 mm,https://www.nature.com/articles/nphys1340
Thunderstorm cell,1200.0,3600.0,1000000000.0,100000000000.0,Atmosphere,Single cell lifetime 30-60 min: NWS Spotter Guide; 20-30 min: AMS Glossary of Meteorology. Depth 12-18 km (NWS). A single-cell diameter was not found so the volume range is not sourced,https://www.weather.gov/spotterguide/life https://glossary.ametsoc.org/wiki/cell/
Tornado,10.0,3600.0,1000000.0,1000000000.0,Atmosphere,NOAA Tornado FAQ — tornadoes last from several seconds to more than an hour and most last less than 10 minutes; widest path 2.6 miles (El Reno 2013). Funnel height and so the volume range are not sourced,https://www.noaa.gov/tornado-faq
Hurricane lifetime,86400.0,2600000.0,3e+14,4e+16,Atmosphere,Merrill (1984) Mon Wea Rev 112:1408 — radius of outermost closed isobar from under 2 deg lat (r ~100 km) to 8 deg lat (r ~890 km); V = pi r^2 h over a 10-16 km tropical troposphere,
Monsoon season,10000000.0,16000000.0,1e+16,1e+18,Atmosphere,India Meteorological Department — onset over Kerala around 1 June and withdrawal around 15 October (136 days). Volume: area of India 3.29e6 km2 x 18 km tropical troposphere = 5.9e16 m3 (areas and depth from Wikipedia),https://mausam.imd.gov.in/imd_latest/monsoonfaq.pdf https://en.wikipedia.org/wiki/Geography_of_India https://en.wikipedia.org/wiki/Troposphere
El Niño event,23700000.0,60000000.0,1e+17,1e+18,Atmosphere,NOAA National Ocean Service — episodes typically last nine to 12 months but can sometimes last for years. Volume range is not sourced,https://oceanservice.noaa.gov/facts/ninonina.html
Ice age cycle (Milankovitch),3200000000000.0,4000000000000.0,1.335e+18,5.1e+19,Planetary,Charette & Smith (2010) Oceanography 23:112 — ocean 1.335e18 m3; atmosphere to 100 km = 5.1e14 m2 x 1e5 m = 5.1e19 m3. Bracket is a framing choice: which reservoir a glacial cycle 'occupies' is not well defined,https://tos.org/oceanography/assets/docs/23-2_charette.pdf
Surface wave,1.0,30.0,0.1,1000.0,Ocean,Hong Kong Observatory — ocean gravity waves have periods from 1 to 30 seconds. Volume depends on the crest length chosen and is not sourced,https://www.hko.gov.hk/en/education/aviation-and-marine/marine/00737-Understanding-Ocean-Waves-Properties-Formation-and-Classification.html
Internal wave,600.0,86400.0,1000000.0,10000000000.0,Ocean,,
Tidal cycle,43000.0,45000.0,1000000000000.0,1000000000000000.0,Ocean,NOAA National Ocean Service — high tides occur 12 hours and 25 minutes apart (44700 s). Volume range is not sourced,https://oceanservice.noaa.gov/education/tutorial_tides/tides05_lunarday.html
Ocean eddy (mesoscale),864000.0,10000000.0,6e+11,1.4e+14,Ocean,Chelton et al. (2011) Prog Oceanogr 91:167 — radii 25-150 km; V = pi r^2 h over a 300-2000 m thermocline,https://ucc.umn.edu/eddies/media/papers/chelton2011_global_eddies.pdf
Thermohaline circulation (full loop),32000000000.0,63000000000.0,1e+17,1.34e+18,Ocean,NOAA National Ocean Service — about 1000 years for a parcel of water to complete the global conveyor belt; ocean volume 1335000000 km3. The 2000 yr upper bound and the lower volume bound are not sourced,https://oceanservice.noaa.gov/education/tutorial_currents/05conveyor2.html https://oceanservice.noaa.gov/facts/oceanwater.html
Tsunami propagation,3600.0,86400.0,10000000000.0,100000000000000.0,Ocean,NOAA JetStream — Aleutians to Hawaii in about five hours; tsunamis can cross entire oceans in less than a day. Volume depends on the crest length chosen and is not sourced,https://noaa.gov/jetstream/tsunamis/tsunami-propagation
Computer transistor switch,1.39e-11,1e-09,1e-21,1e-18,Human-built,Inverter delay 13.9 ps at 1 V: 2007 Symposium on VLSI Technology paper 7A-1. Upper time bound and the volume range are not sourced,https://archive.vlsisymposium.org/07web/technology/tec_abstract/7A-1.htm
LED light pulse,1e-09,1e-06,1e-12,1e-09,Human-built,Rise time 2.4 ns and fall time 1.1 ns for a resonant-cavity LED: Schubert Light-Emitting Diodes ch. 24. Chip 980 x 980 x 170 um (1.6e-10 m3): Cree EZ1000 data sheet,https://www.ecse.rpi.edu/~schubert/Light-Emitting-Diodes-dot-org/chap24/chap24.htm https://downloads.cree-led.com/files/ds/c/Chips-EZ1000-n.pdf
Microchip (processor die),32000000.0,320000000.0,1e-07,2e-07,Human-built,Die area 146-217 mm2 (Pentium 4; Tom's Hardware) x 775 um wafer thickness (Wikipedia) = 1.1e-7 to 1.7e-7 m3. Useful lifetime 10 years at 105 C: Texas Instruments SPRABX4,"https://www.tomshardware.com/reviews/pentium-4,407-5.html https://en.wikipedia.org/wiki/Wafer_(electronics) https://ti.com/lit/SPRABX4"
Smartphone,63000000.0,160000000.0,8e-05,0.0002,Human-built,iPhone 16 is 71.6 x 147.6 x 7.80 mm (8.2e-5 m3): Apple technical specifications. Average US replacement cycle 33 months: Strategy Analytics 2019 via Mobile World Live,https://www.apple.com/si/iphone-16/specs/ https://www.mobileworldlive.com/apple/us-phone-upgrade-cycle-stretches-to-33-months/
A book (physical object),320000000.0,32000000000.0,0.001,0.002,Human-built,Library of Congress — acidic paper becomes brittle in fifty to a hundred years; deacidified paper stays usable for several centuries. Hardcover 6 x 9 in; thickness and so volume are not sourced,https://www.loc.gov/preservation/care/deterioratebrochure.html
A house,1600000000.0,6300000000.0,300.0,1000.0,Human-built,US Census Bureau 2025 — median completed single-family home 2142 ft2 (199 m2); x an assumed 2.44 m ceiling = 485 m3. Service life is not sourced,https://www.census.gov/construction/chars/highlights.html
Skyscraper lifespan,3200000000.0,6300000000.0,100000.0,1050000.0,Human-built,Empire State Building volume 37 million ft3 (1.05e6 m3): official fact sheet. Lifespan is not sourced,https://esbnyc.com/sites/default/files/esb_fact_sheet_final.pdf
Highway bridge,1600000000.0,3200000000.0,10000.0,100000.0,Human-built,Design life 75 years: AASHTO LRFD definition as quoted in a WSDOT bridge seminar; 50-75 years: FHWA-HRT-04-098. Volume range is not sourced,https://wsdot.wa.gov/eesc/bridge/WBES/2007/assets/monday/2B/Mike_Bartholomew_2B.pdf https://www.fhwa.dot.gov/publications/research/infrastructure/structures/04098/09.cfm
Hoover Dam,3200000000.0,32000000000.0,2480000.0,3330000.0,Human-built,US Bureau of Reclamation Hoover Dam FAQ — concrete: 3.25 million yd3 in the dam (2.48e6 m3); 4.36 million yd3 with powerplant and appurtenant works (3.33e6 m3),https://www.usbr.gov/lc/hooverdam/faqs/damfaqs.html
Panama Canal,3200000000.0,32000000000.0,200000000.0,200000000.0,Human-built,Panama Canal Authority — about 268000000 cubic yards excavated in total (2.05e8 m3); opened 15 August 1914. Upper time bound is not sourced,https://pancanal.com/en/end-of-the-construction/
Mining operation (open pit),320000000.0,3820000000.0,10000000.0,5030000000.0,Human-built,Bingham Canyon: 4 km across and 1.2 km deep (Guinness World Records); in production since 1906 with mine life to 2027. Upper volume is an inverted cone (1/3) pi r^2 h = 5.0e9 m3. Lower bounds are not sourced,https://www.guinnessworldrecords.com/world-records/77343-largest-manmade-excavation https://miningnews.net/base-metals/news/1377071/rio-extends-life-bingham-canyon
Oil reservoir extraction,320000000.0,2370000000.0,100000000.0,10000000000.0,Human-built,Prudhoe Bay: 25 billion barrels originally in place and 13.5 billion expected lifetime production (2.1e9 to 4.0e9 m3 of oil): US EIA. Ghawar on stream since 1951 with over 65 billion barrels produced (Wikipedia). Lower bounds are not sourced,https://www.eia.gov/analysis/requests/2008/anwr/notes.html https://en.wikipedia.org/wiki/Ghawar_Field
Landfill decomposition,1210000000.0,3630000000.0,100000.0,10000000.0,Human-built,US EPA landfill gas model — first-order decay constants 0.04 to 0.12 per year; time to 99 percent decay is 4.6/k = 38-115 yr. Volume range is not sourced,https://www.epa.gov/sites/production/files/2016-03/documents/lanfl_gas_mont_carlo_modl.pdf
Nuclear waste half-life (Pu-239),760000000000.0,760000000000.0,0.01,100.0,Human-built,US NRC Fact Sheet on Plutonium — Pu-239 has a half-life of 24000 years. The volume range has no defined referent,https://webarchive.library.unt.edu/eot2008/20090512060926mp_/http://www.nrc.gov/reading-rm/doc-collections/fact-sheets/plutonium.html
Great Wall of China,73000000000.0,73000000000.0,190000000.0,450000000.0,Human-built,Ming wall masonry estimate; V = length x width x height: 6259 km built wall x 5 m x 6 m = 1.9e8 m3 to 8850 km x 6.5 m x 7.8 m = 4.5e8 m3. Cross-section applied uniformly along the wall,
International Space Station (service life),470000000.0,950000000.0,1005.0,1005.0,Human-built,NASA Space Station Facts and Figures — pressurized volume 35491 ft3 (1005 m3); time is service life (15-30 yr) not the ~5400 s orbital period,https://www.nasa.gov/international-space-station/space-station-facts-and-figures/
A pond,32000000.0,3200000000.0,10.0,19700.0,Geographic,USDA NRCS Agriculture Handbook 590 — example pond of 3.2 acres holds 16 acre-feet (2.0e4 m3). Constructed ponds are designed for a 50-year lifespan (Iowa Nutrient Research Center). Lower bounds are not sourced,https://soiltesting.tamu.edu/soiltesting/wp-content/uploads/sites/13/2023/05/USDAPONDS.pdf https://inrc.cals.iastate.edu/news/2026/researchers-find-gully-erosion-filling-flood-control-ponds-faster-expected
A lake (e.g. Tahoe),320000000000.0,63100000000000.0,150000000000.0,150000000000.0,Geographic,Lake Tahoe: 192 mi2 x 1000 ft mean depth = 1.5e11 m3 (USGS WRIR 02-4030). Modern lake began to form about 2 million years ago (EARTH Magazine AGI). Lower time bound is not sourced,https://pubs.usgs.gov/wri/wri024030/text/environmental.htm https://www.earthmagazine.org/article/travels-geology-lake-tahoe-jewel-sierra-nevada/
Manhattan island,320000000000.0,320000000000.0,1000000000.0,1000000000.0,Geographic,,
San Francisco Bay,316000000000.0,3200000000000.0,6660000000.0,6660000000.0,Geographic,Volume 6.66e9 m3 at mean lower low water: Chin & Clifton (1990) USGS Open-File Report 90-665 citing Conomos (1979). The sea entered the Golden Gate 10000-11000 years ago: USGS Professional Paper 1014. Upper time bound is not sourced,https://pubs.usgs.gov/of/1990/0665/report.pdf https://pubs.usgs.gov/pp/1014/p1014_text.pdf
Grand Canyon formation,190000000000000.0,190000000000000.0,4170000000000.0,4170000000000.0,Geographic,NPS Grand Canyon park statistics — volume 5.45 trillion cubic yards (4.17e12 m3),https://www.nps.gov/grca/learn/management/statistics.htm
France (area × avg elevation),320000000000000.0,320000000000000.0,207000000000000.0,207000000000000.0,Geographic,CIA World Factbook (openfactbook.org mirror) — metropolitan France 551500 km2 and mean elevation 375 m; V = area x mean elevation = 2.07e14 m3. The time value is not sourced,https://www.openfactbook.org/countries/france/
Mediterranean Sea,32000000000000.0,320000000000000.0,3750000000000000.0,3750000000000000.0,Geographic,Wikipedia: Mediterranean Sea — volume 3750000 km3 (area 2500000 km2 x mean depth 1500 m); Zanclean reflooding 5.33 million years ago. No primary source fetched,https://en.wikipedia.org/wiki/Mediterranean_Sea https://en.wikipedia.org/wiki/Zanclean_flood
Amazon rainforest,320000000000.0,3200000000000.0,121000000000000.0,132000000000000.0,Geographic,Area 5.5e6 to 6.0e6 km2 (Britannica) x mean canopy height ~22 m (arXiv:2501.10600) = 1.2e14 to 1.3e14 m3. The time range is not sourced; the forest itself is at least 55 million years old,https://www.britannica.com/place/Amazon-Rainforest
Sahara Desert,3200000000000.0,32000000000000.0,9000000000000000.0,9000000000000000.0,Geographic,,
Pacific Ocean,5050000000000000.0,5680000000000000.0,6.6e+17,7.1e+17,Geographic,Volume: NOAA ETOPO1 area 161760000 km2 x mean depth 4080 m = 6.6e17 m3; Wikipedia gives 7.1e17. Oldest in situ Pacific crust ~160 Ma: Floyd Castillo & Pringle (1991) Terra Nova; ~180 Ma per Wikipedia,https://nautiluslive.org/sites/default/files/documents/2020-04/Investigating%20Ocean%20Volume.pdf https://en.wikipedia.org/wiki/Pacific_Ocean https://www.usgs.gov/publications/tholeiitic-and-alkalic-basalts-oldest-pacific-ocean-crust
Volcanic eruption (single event),3600.0,2600000.0,10000000.0,100000000000.0,Geological,Mount St. Helens 1980: 9 hours of vigorous eruption and 1.3 km3 of ash (USGS). Pinatubo 1991: over 10 km3 (Wikipedia). Upper time bound is not sourced,https://www.usgs.gov/volcanoes/mount-st-helens/faqs https://en.wikipedia.org/wiki/1991_eruption_of_Mount_Pinatubo
Earthquake rupture,1.0,300.0,1000000000.0,10000000000000.0,Geological,USGS: 2004 Sumatra M9.0 — rupture lasted 3 to 4 minutes over 1200-1300 km length and >100 km width with up to 20 m slip; V = length x width x slip = 2.6e12 m3. Rupture speed ~2 km/s (USGS). Lower bounds are not sourced,https://www.usgs.gov/programs/earthquake-hazards/science/m90-december-26-2004-northern-sumatra https://usgs.gov/faqs/what-was-duration-earthquake-why-dont-you-report-duration-each-earthquake-how-does-duration
Mountain building (orogeny),32000000000000.0,1580000000000000.0,1000000000000000.0,1e+17,Geological,USGS This Dynamic Earth — India met Asia 40 to 50 million years ago and the Himalayas stretch 2900 km. Volume ~3e15 m3 for 2400 km x 250 km x an assumed 5 km mean relief. Lower time bound is not sourced,https://pubs.usgs.gov/gip/dynamic/himalaya.html
Continental drift (1 cm/yr),3160000000000000.0,6310000000000000.0,1e+19,1e+20,Geological,USGS This Dynamic Earth — the Atlantic opened over the past 100 to 200 million years; spreading rates run from under 2.5 to over 15 cm/yr so the 1 cm/yr in the name is slower than any quoted rate. Volume range is not sourced,https://pubs.usgs.gov/gip/dynamic/understanding.html
Continental crust formation,1.3e+17,1.3e+17,7.2e+18,7.2e+18,Geological,Wikipedia: Continental crust — about 7 billion km3 of continental crust; oldest intact fragment the Acasta Gneiss at 4.01 Ga. No primary source fetched,https://en.wikipedia.org/wiki/Continental_crust
Pangaea assembly/breakup,2300000000000000.0,3120000000000000.0,1e+19,1.5e+20,Geological,Britannica: Pangea — fully assembled 299 to 273 million years ago and began to break apart about 200 million years ago; time is the 73-99 Myr between. Volume range is not sourced,https://www.britannica.com/place/Pangea
Glacial valley carving,3200000000000.0,32000000000000.0,10000000000.0,10000000000000.0,Geological,,
Stalactite growth (1 m),32000000000.0,320000000000.0,0.001,0.1,Geological,Average growth ~0.1 mm per year (EBSCO Research Starters) to 0.13 mm per year (Wikipedia: Stalactite) gives 7700-10000 yr per metre; fastest 3 mm per year gives 330 yr. Volume range is not sourced,https://www.ebsco.com/research-starters/science/stalactites-and-stalagmites https://en.wikipedia.org/wiki/Stalactite
Fossil formation (mineralization),3200000000000.0,320000000000000.0,1e-06,0.01,Geological,,
Coal seam formation,320000000000000.0,3200000000000000.0,1000000000.0,1000000000000.0,Geological,,
Earth's rotation (1 day),86400.0,86400.0,1.08e+21,1.08e+21,Planetary,Mean solar day 86400 s by definition. Volume 1.08e21 m3: sphere of the IAU nominal equatorial radius 6378.1 km is 1.087e21 m3 and the polar flattening removes ~0.3 percent,https://www.iau.org/common/Uploaded%20files/IAUGA2015-Resolution-B3-recommended-nominal-conversion.pdf
Earth's orbit (1 year),31560000.0,31560000.0,1.41e+34,1.41e+34,Planetary,One year is 3.156e7 s. Volume is the sphere enclosed by the orbit: V = (4/3) pi r^3 with r = 1 au (1.496e11 m) = 1.41e34 m3,
Moon formation,3600.0,32000000.0,2.2e+19,2.2e+19,Planetary,Hours: Kegerreis et al. (2022) ApJ Letters arXiv:2210.01814 (satellite placed in orbit immediately). Up to ~1 yr: Ida Canup & Stewart (1997) Nature 25 Sept 1997 (accretion from the impact disk in a year or less). Volume is the present Moon,https://www.nature.com/articles/38669
Earth's age,1.43e+17,1.43e+17,1.08e+21,1.08e+21,Planetary,USGS Geologic Time: Age of the Earth — 4.54 billion years with an uncertainty of less than 1 percent (1.43e17 s). Volume is the present Earth,https://pubs.usgs.gov/gip/geotime/age.html
Sun's main sequence lifetime,3.2e+17,3.2e+17,1.4e+27,1.4e+27,Planetary,NASA Sun facts — the Sun is 4.5 billion years old and a little less than halfway through its lifetime with about 5 billion years left (~10 Gyr = 3.2e17 s). Volume 1.41e27 m3 from the IAU nominal solar radius; 1.3 million Earths,https://science.nasa.gov/sun/facts/ https://www.iau.org/common/Uploaded%20files/IAUGA2015-Resolution-B3-recommended-nominal-conversion.pdf
